{
    "technical": 0.8,
    "personal": 0.9846542610829965,
    "social": 0.7261115751567833
}