{
    "technical": 0.8,
    "personal": 0.9773416470467531,
    "social": 0.17662542468473175
}