{
    "technical": 0.8,
    "personal": 0.7058141206601037,
    "social": 0.14919835419562288
}